{
  "1742847478.211599": {
    "telegramChatId": 1705203106,
    "telegramMessageId": 235,
    "forwarder": "BasementNodes",
    "timestamp": 1742847478286,
    "statusMessageId": 238
  },
  "1742847672.114569": {
    "telegramChatId": 1705203106,
    "telegramMessageId": 239,
    "forwarder": "BasementNodes",
    "timestamp": 1742847672189,
    "statusMessageId": 242
  },
  "1742848088.509999": {
    "telegramChatId": 1705203106,
    "telegramMessageId": 243,
    "forwarder": "BasementNodes",
    "timestamp": 1742848088585,
    "statusMessageId": 246
  },
  "1742849036.483599": {
    "telegramChatId": 1705203106,
    "telegramMessageId": 247,
    "forwarder": "BasementNodes",
    "timestamp": 1742849036563,
    "statusMessageId": 250
  },
  "1742849447.557209": {
    "telegramChatId": 1705203106,
    "telegramMessageId": 251,
    "forwarder": "BasementNodes",
    "timestamp": 1742849447638,
    "statusMessageId": 254
  }
}